,Flip
0,HTHTHHHTHTHTTTTHTHTHTHHTHTHHTHTHHTHTHTHHHHTTHTHHTT
1,HHTHTHTTTTHTHTHTHHHHTTTHTHTHTHTHTHHTTHTHTTTTHTHTHT
2,HHHTTTHTHTHTHHHTTTHTHTHTHHHHTTTTTHTHTHTHTTTTHHTTTT
3,HTTTTTHTHTHHHHHHTTHTTTHTHTHTHHHHTTTHTHTHHHTTTHTHTH
4,HHTTHTHTHTHHTHTTTTHHTHTHHHTHHHTTTHHHHTHTHHHTTTHTHT
5,HTHHHTTTHTHHTHHHTHHHHTHTHTHTHTHHHTTHTHTTHHTHTHTHTT
6,HTHTHHHTHHHTHTTHTHHHHTTTHTHTHHTHTTHHTTTHTHHHHHHHHT
7,TTTHHHTHHHTTTTHTHTHTHTHHHHHTTTHHTHTHTTTTHTTTHHTTTT
8,HHHTTTHTHHHTHHHTHHHTHHHTHHHTHTTTTTTHTTTTHHTTTTTHHH
9,HTHHHTTTTHTTTTTHTTTHTHTHHHTHTHTTTTTHTHHHTTTHTHHTTT
10,HTHHHTHTTTHTHTTTTTHHHTTHTTTHTHTHHHTTHTTTTTHTTTTHTH
11,TTHHTHTHTHHHTHTHTTTTHTTTHTHTHHHHHHHTTTTTTHTHTHHTTT
12,TTHTHHHTHTHTTTTTTHHHHTHTHTTTHTHHHHHTHHHHHTHHHHHTTT
13,HTHTHHHTTTHTHHTHHHHHHTHHHHHTTTTTHHHHTTTHHHTTHTHTHT
14,HTTTTTTHTTTTTTHHHHTTTHTHTHHHHHTTTTHTHTHTHTHHHHHHTT
15,HHHTTTHHHHTTHTHHHHTTHTHHHHTHTHTHTTTHHHTTTHTHTHTHHT
16,HTTHHHHTHHTHHTTHTTTHHTHTTTTTHTHHTTHHHTHTHHHHTTHTHH
17,HTTTHTHHTHTTTTHTTTTTHHHHTTTTHHTHHHTTTHHHHTTTTHHHTH
18,HHHTTTHTHTHTTTTHTHTHHHHTTTTHTHTHHHHTTTHTHTHTHTHTHH
19,HHHTTTTTTHTHTTTTTTHTHTHHHTTHHHTTTHTHHTTTTTTHHHTHTH
20,HTTTTHTHTTTHHHHTTHTTTTHHHHHHTTTHTHTHHHHTTHTTTHTHTH
21,HTTTHTHTHTTTTHTHTTTTHHHHTTHTHHHTTHTHHHTTTHTHTHTTTH
22,HTTTTHTHTTHHHHHTTTHTHTTTTHTTTHTHHHHTTHTTTHHTTHTHTH
23,HTHTTTTHHHTTTTHTHTHHHTHHTTTHTHTHHHTTHTHTTHHHHHHHTT
24,TTHTHTHHHTTTHTHTHHHTTTTTHTHTTTTHHHHTTTHTHTHHHTTHTH
25,TTTHTHTHHHTTHTHHHTTHTHTHHHTTTTHHHTTHTTTHTHTHHHTTTH
26,TTHTHTTTHTHTTTTHHHTTHTHHTHHTTTHTHHHHTTTHTHHTTTTHTH
27,TTTHTTHTTTTHTTHHHTTTTHTTHTHHTHHHTTTTTHTHTHHHTTHTHT
28,TTTHTHTHHHHTTHTHTTTHTHTHTTTHHHHTTHTHTHHHHTTTTHTHTH
29,HTHTHHHHTHTHHHTTTHTHHHHTTTTHTHTHHHTTHTHTHTHTTTTHHH
30,THHHHHTTHTHTHHTTTTTTHHHTTTTTHHHTTTHHHHTTTHTHTHTHHH
31,TTHHTHTHHHHTTTHTHHHTTHTHHHHTTTHTHTHHTTTTHHTHTHHHHH
32,TTTTHTHTHHHTTHTHTHTHHHHTTHTHHTHTHHHHHHTTTHTHTTTTHT
33,TTTHTHTHTHHTHHHTTHTHTHTHTHHHHTTTTTHTTTTHHHTTHTHHTT
34,TTHTHTHTHTHHHHTTHTHTHHHTTHTTTTTTHTHHHHTTHTHHHHHTTT
35,THTHTHTHTHHHHTTTTTHHTTTTHTTTTHTHHHHTTTHTHHTTTHHHTT
36,THTHHHTTTTHTHHHHTTTTTHHHTTHTHTHTHHTHHTTTHTHTHTHHHT
37,HTTTTTHTHTTHHHHHHTTTTHTHTTTTTHHTHHHHTHTHHTHTTHTHTH
38,THTHHHTTTTHTHHHHTTTHTHHHHTTTTHTHHHTTTTTHHHTTHTHHTT
39,HTTTTTHTHTHHHHTTTHTHTHHHHTTTTHTHHHTTTHHTTTHTHTHHHH
40,HTHTHTHHHHTTTHTHTHHHHTTTHTHHHHHTTTHTHHHHTTHHTHTHHT
41,HTTTTHTHTHHHTTTHHHHTTHTHHHTTTHTHHHTTTHHHHTTHTHHHTT
42,TTTTHTHTHHHHTTTTHTHTHHHTTHTHHHHTTTHHTHTHHHHHHTTTTT
43,HTTTTHTHTHHHHTTHTHTHHTTTTTHTHHHHTTTTHTHTHHHHTTTHTH
44,TTTTHTHTHHHTTHTHHTHHHTTTHTHTHHTTTTHTHTHHHHTTHTHHTT
45,TTTHTHTHHHTTTHTHHTTTHTHHTTHTHTHHTTTTHTHTHHHTTHTTTT
46,HHHHTTTTTHHHHTTHTHTHHHHTTTHTHHHTTTHHHHHHTTTHTHTTHH
47,TTHTHTTTTTTTTTTTTTHTTTTTTTTHTTTTTTHTHTHTHTTTTTHTHT
48,THHHTTTHTHHHHTTTTHTHTTTHTHHHTTTTHTHHHHTTTHTHTHTHHH
49,TTTTTHTHHTTHHHHTTTHHHHTTTTHTHTHHHHTTTTHTHTHHHTHTHT
50,HTTTHTHHHTTTHTHTTHTHHHTTTTTHHTTHTHHHTTHTHTHHTHTHHH
51,HTHHHHTTTHTHHHTTTTHTHTTTHTHHHTTHTHHHTTTHHHHTTHTHHH
52,TTHTHTTTTHTTHTHHHHTTTTHTHTHHHHTTHTHTHHHHTTHTHTHHHT
53,HHHHTTTHTHHHTTTHTHTHHHTTTHTHHTTTHTHHHTTTHTHTTHHHTT
54,TTTHTHHHTTHTHHHHTTTTTHTTTTHHHTTTHTHHHTHTHHHTTHTHHH
55,TTHTHHHHTTHTHHHHTTHTHHHTTTHTHHHTTTTTHHTHTHHHTTHTHH
56,HHTTHTHTTTTTTHHTHTHHHHHTTHTHTTTHTHTHHHHTTHTHTTHHTH
57,TTHTHHHTTHTTTTTHHHHHHHTTHTHTTTTHTHTHHHHTTHTHHTTHHT
58,HTTTHTHTHHHHHTTTHTHTTTTHTHTTTTHTHHHTTHTHTTTTHTHHHT
59,HTTTTHTHHHHTTTHTHTHHHTTTHTHHTTTHTHHHTTHTHHTHHTTHTH
60,TTTHTHTTTHTHHHTTHTHTHTHHHTTTHTHTTTTTTTHTHTHHHHTHTH
61,TTTHTHTHTTTHTHHHHHTTHTTTTTTHTHHHHHTTHTHTHHTHTHTHHT
62,HHHHTTTTHTHHHTTTHTHTHTHHHHHHTTHTHTHHTTHTHTHHHHTHTT
63,TTTHTTHTHHHTTTHTHHHTTTHTHHHTTTHTHTHHHTTHTHTHHHTHTH
64,HHTTTHTTTTHTHHHHHTTTTHTHHHTTHHHTTHTHTTTTHTHTHTHHHH
65,TTTHTHTHHHHTTTTHTHHHHTTTHTHTHHTTTTHTHTHTTTTTHTHTTT
66,TTHHTHTHTHHHHHHTTTHTHHHHTTTHHHTTTHTHHHHTTHTHTTTTTT
67,TTTHTTTTTTHHHTHTHTHHHHHTTTHTHHHTHTHTHHHHTTHTTTTTTT
68,TTTHTTHTHHHHTTHTHTHHHHHTTTHTHTHHHTHTHTHTHHHHHHHTTH
69,TTTHTHTHHHHTTTTHTHTHHHHTTTHTHTHHHHTTTTTTHTHTTTHTHH
70,HHTHTHHHHTTHTHHHHTTTHTHTTTTTTHTHTTTTHHHHTTHTHHHHTT
71,TTHTHTHHTTTHTHTHHHHTTHTHTHTTTTTHTHTTHHHHHTTHTHHTTH
72,TTHTTTHTTHHHHTTHTTTTTTHTHHHHHTTHHTTTHHHHHTTHTHHTTH
73,HTHHHTTTHTHHTTTHTHHHHHHTTTHTHHHHHTTHTHTHHTTHTHTTTT
74,THTHHHHTHTHHHTTTTTHTHTHTTTTTHTTTTHTHHHHTTHTHHHTTHT
75,TTTTTTHTHTTHTHHHTHTHTTTTTHTHHHHHHTTHTHTTTTHTHTTTTT
76,HHTTHTHHHTTTTTHTHTTTTHTHTHHHHHTTHTHTHHHTTHHTTTTHTT
77,HTTTHTTHTHTTTHTHHHHTHTHHHHHHTTTHTHTHTHTHHHHTTHHHTT
78,TTTTHTHTHHHTHTHTTHHHHTTHTHHHHHHTTTHTHTHTTTTHTHTHHH
79,TTHTHHHHHTTHTHHHHHTTHTHHHHHTTTHTHHHHHTTTHTHTHHTTHH
80,HTTTHTHTHHHHTTHTHHHTTTHTHHHHHTTHHHHTTTTTHTHTHTHHTH
81,TTTTHHHTTHTHHHHHTTHTHTTTTHTTTTHTTTHTHHTTTTTHHHHHHH
82,HTTTHTHTHHHHHTTHTTTTHTHHHHHTTHTHTHTTTHTHTHHHHTHTHT
83,HHTHTTTHTTTTHTHTTHHHTTHHTTHHHHHHTTTHTHTTHTHHHTTHTH
84,HHTHHTHTTTTTHTTHTHHTTTHTHTTHTHHTTHTTTTHHTHHHTHTHTT
